c-api/arg,,:ref,"PyArg_ParseTuple(args, ""O|O:ref"", &object, &callback)"
c-api/list,,:high,list[low:high]
c-api/sequence,,:i2,del o[i1:i2]
c-api/sequence,,:i2,o[i1:i2]
c-api/tuple,,:high,p[low:high]
c-api/unicode,,:end,str[start:end]
c-api/unicode,,:start,unicode[start:start+length]
distutils/examples,,`,This is the description of the ``foobar`` package.
distutils/setupscript,,::,
extending/embedding,,:numargs,"if(!PyArg_ParseTuple(args, "":numargs""))"
extending/extending,,:myfunction,"PyArg_ParseTuple(args, ""D:myfunction"", &c);"
extending/extending,,:set,"if (PyArg_ParseTuple(args, ""O:set_callback"", &temp)) {"
extending/newtypes,,:call,"if (!PyArg_ParseTuple(args, ""sss:call"", &arg1, &arg2, &arg3)) {"
faq/programming,,:chr,">=4.0) or 1+f(xc,yc,x*x-y*y+xc,2.0*x*y+yc,k-1,f):f(xc,yc,x,y,k,f):chr("
faq/programming,,:reduce,"print((lambda Ru,Ro,Iu,Io,IM,Sx,Sy:reduce(lambda x,y:x+y,map(lambda y,"
faq/programming,,:reduce,"Sx=Sx,Sy=Sy:reduce(lambda x,y:x+y,map(lambda x,xc=Ru,yc=yc,Ru=Ru,Ro=Ro,"
faq/windows,,:d48eceb,"Python 3.6.4 (v3.6.4:d48eceb, Dec 19 2017, 06:04:45) [MSC v.1900 32 bit (Intel)] on win32"
howto/curses,,:black,"colors when it activates color mode.  They are: 0:black, 1:red,"
howto/curses,,:red,"colors when it activates color mode.  They are: 0:black, 1:red,"
howto/curses,,:green,"2:green, 3:yellow, 4:blue, 5:magenta, 6:cyan, and 7:white.  The"
howto/curses,,:yellow,"2:green, 3:yellow, 4:blue, 5:magenta, 6:cyan, and 7:white.  The"
howto/curses,,:blue,"2:green, 3:yellow, 4:blue, 5:magenta, 6:cyan, and 7:white.  The"
howto/curses,,:magenta,"2:green, 3:yellow, 4:blue, 5:magenta, 6:cyan, and 7:white.  The"
howto/curses,,:cyan,"2:green, 3:yellow, 4:blue, 5:magenta, 6:cyan, and 7:white.  The"
howto/curses,,:white,"2:green, 3:yellow, 4:blue, 5:magenta, 6:cyan, and 7:white.  The"
howto/descriptor,,:root,"INFO:root"
howto/descriptor,,:Updating,"root:Updating"
howto/descriptor,,:Accessing,"root:Accessing"
howto/instrumentation,,::,python$target:::function-entry
howto/instrumentation,,:function,python$target:::function-entry
howto/instrumentation,,::,python$target:::function-return
howto/instrumentation,,:function,python$target:::function-return
howto/instrumentation,,:call,156641360502280  function-entry:call_stack.py:start:23
howto/instrumentation,,:start,156641360502280  function-entry:call_stack.py:start:23
howto/instrumentation,,:function,156641360518804  function-entry: call_stack.py:function_1:1
howto/instrumentation,,:function,156641360532797  function-entry:  call_stack.py:function_3:9
howto/instrumentation,,:function,156641360546807 function-return:  call_stack.py:function_3:10
howto/instrumentation,,:function,156641360563367 function-return: call_stack.py:function_1:2
howto/instrumentation,,:function,156641360578365  function-entry: call_stack.py:function_2:5
howto/instrumentation,,:function,156641360591757  function-entry:  call_stack.py:function_1:1
howto/instrumentation,,:function,156641360605556  function-entry:   call_stack.py:function_3:9
howto/instrumentation,,:function,156641360617482 function-return:   call_stack.py:function_3:10
howto/instrumentation,,:function,156641360629814 function-return:  call_stack.py:function_1:2
howto/instrumentation,,:function,156641360642285 function-return: call_stack.py:function_2:6
howto/instrumentation,,:function,156641360656770  function-entry: call_stack.py:function_3:9
howto/instrumentation,,:function,156641360669707 function-return: call_stack.py:function_3:10
howto/instrumentation,,:function,156641360687853  function-entry: call_stack.py:function_4:13
howto/instrumentation,,:function,156641360700719 function-return: call_stack.py:function_4:14
howto/instrumentation,,:function,156641360719640  function-entry: call_stack.py:function_5:18
howto/instrumentation,,:function,156641360732567 function-return: call_stack.py:function_5:21
howto/instrumentation,,:call,156641360747370 function-return:call_stack.py:start:28
howto/instrumentation,,:start,156641360747370 function-return:call_stack.py:start:28
howto/ipaddress,,:DB8,>>> ipaddress.ip_address('2001:DB8::1')
howto/ipaddress,,::,>>> ipaddress.ip_address('2001:DB8::1')
howto/ipaddress,,:db8,IPv6Address('2001:db8::1')
howto/ipaddress,,::,IPv6Address('2001:db8::1')
howto/ipaddress,,::,IPv6Address('::1')
howto/ipaddress,,:db8,>>> ipaddress.ip_network('2001:db8::0/96')
howto/ipaddress,,::,>>> ipaddress.ip_network('2001:db8::0/96')
howto/ipaddress,,:db8,IPv6Network('2001:db8::/96')
howto/ipaddress,,::,IPv6Network('2001:db8::/96')
howto/ipaddress,,:db8,IPv6Network('2001:db8::/128')
howto/ipaddress,,::,IPv6Network('2001:db8::/128')
howto/ipaddress,,:db8,IPv6Interface('2001:db8::1/96')
howto/ipaddress,,::,IPv6Interface('2001:db8::1/96')
howto/ipaddress,,:db8,>>> addr6 = ipaddress.ip_address('2001:db8::1')
howto/ipaddress,,::,>>> addr6 = ipaddress.ip_address('2001:db8::1')
howto/ipaddress,,:db8,>>> host6 = ipaddress.ip_interface('2001:db8::1/96')
howto/ipaddress,,::,>>> host6 = ipaddress.ip_interface('2001:db8::1/96')
howto/ipaddress,,:db8,>>> net6 = ipaddress.ip_network('2001:db8::0/96')
howto/ipaddress,,::,>>> net6 = ipaddress.ip_network('2001:db8::0/96')
howto/ipaddress,,:ffff,IPv6Address('ffff:ffff:ffff:ffff:ffff:ffff::')
howto/ipaddress,,::,IPv6Address('ffff:ffff:ffff:ffff:ffff:ffff::')
howto/ipaddress,,::,IPv6Address('::ffff:ffff')
howto/ipaddress,,:ffff,IPv6Address('::ffff:ffff')
howto/ipaddress,,:db8,'2001:db8::/96'
howto/ipaddress,,::,'2001:db8::/96'
howto/ipaddress,,:db8,>>> ipaddress.ip_interface('2001:db8::1/96')
howto/ipaddress,,::,>>> ipaddress.ip_interface('2001:db8::1/96')
howto/ipaddress,,:db8,'2001:db8::1'
howto/ipaddress,,::,'2001:db8::1'
howto/ipaddress,,:db8,IPv6Address('2001:db8::ffff:ffff')
howto/ipaddress,,::,IPv6Address('2001:db8::ffff:ffff')
howto/ipaddress,,:ffff,IPv6Address('2001:db8::ffff:ffff')
howto/logging,,:And,"WARNING:And this, too"
howto/logging,,:And,"WARNING:root:And this, too"
howto/logging,,:And,"ERROR:root:And non-ASCII stuff, too, like "
howto/logging,,:Doing,INFO:root:Doing something
howto/logging,,:Finished,INFO:root:Finished
howto/logging,,:logger,severity:logger name:message
howto/logging,,:Look,WARNING:root:Look before you leap!
howto/logging,,:message,severity:logger name:message
howto/logging,,:root,DEBUG:root:This message should go to the log file
howto/logging,,:root,INFO:root:Doing something
howto/logging,,:root,INFO:root:Finished
howto/logging,,:root,INFO:root:So should this
howto/logging,,:root,"ERROR:root:And non-ASCII stuff, too, like "
howto/logging,,:root,INFO:root:Started
howto/logging,,:root,"WARNING:root:And this, too"
howto/logging,,:root,WARNING:root:Look before you leap!
howto/logging,,:root,WARNING:root:Watch out!
howto/logging,,:So,INFO:root:So should this
howto/logging,,:So,INFO:So should this
howto/logging,,:Started,INFO:root:Started
howto/logging,,:This,DEBUG:root:This message should go to the log file
howto/logging,,:This,DEBUG:This message should appear on the console
howto/logging,,:Watch,WARNING:root:Watch out!
howto/pyporting,,::,Programming Language :: Python :: 2
howto/pyporting,,::,Programming Language :: Python :: 3
howto/regex,,::,
howto/regex,,:foo,(?:foo)
howto/urllib2,,:password,"""joe:password@example.com"""
library/__main__,,`,
library/ast,,:upper,lower:upper
library/ast,,:step,lower:upper:step
library/audioop,,:ipos,"# factor = audioop.findfactor(in_test[ipos*2:ipos*2+len(out_test)],"
library/configparser,,:home,my_dir: ${Common:home_dir}/twosheds
library/configparser,,:option,${section:option}
library/configparser,,:path,python_dir: ${Frameworks:path}/Python/Versions/${Frameworks:Python}
library/configparser,,:Python,python_dir: ${Frameworks:path}/Python/Versions/${Frameworks:Python}
library/configparser,,:system,path: ${Common:system_dir}/Library/Frameworks/
library/datetime,,:MM,
library/datetime,,:SS,
library/decimal,,:optional,"trailneg:optional trailing minus indicator"
library/difflib,,:ahi,a[alo:ahi]
library/difflib,,:bhi,b[blo:bhi]
library/difflib,,:i1,
library/difflib,,:i2,
library/difflib,,:j2,
library/doctest,,`,``factorial`` from the ``example`` module:
library/doctest,,`,The ``example`` module
library/doctest,,`,Using ``factorial``
library/exceptions,,:err,err.object[err.start:err.end]
library/functions,,:step,a[start:stop:step]
library/functions,,:stop,"a[start:stop, i]"
library/functions,,:stop,a[start:stop:step]
library/hashlib,,:LEAF,"h00 = blake2b(buf[0:LEAF_SIZE], fanout=FANOUT, depth=DEPTH,"
library/http.client,,:port,host:port
library/http.cookies,,`,!#$%&'*+-.^_`|~:
library/imaplib,,:MM,"""DD-Mmm-YYYY HH:MM:SS"
library/imaplib,,:SS,"""DD-Mmm-YYYY HH:MM:SS"
library/inspect,,:int,">>> def foo(a, *, b:int, **kwargs):"
library/inspect,,:int,"'(a, *, b:int, **kwargs)'"
library/inspect,,:int,'b:int'
library/ipaddress,,:db8,>>> ipaddress.ip_address('2001:db8::')
library/ipaddress,,::,>>> ipaddress.ip_address('2001:db8::')
library/ipaddress,,:db8,IPv6Address('2001:db8::')
library/ipaddress,,::,IPv6Address('2001:db8::')
library/ipaddress,,:db8,>>> ipaddress.IPv6Address('2001:db8::1000')
library/ipaddress,,::,>>> ipaddress.IPv6Address('2001:db8::1000')
library/ipaddress,,:db8,'2001:db8::1000'
library/ipaddress,,::,'2001:db8::1000'
library/ipaddress,,:db8,">>> f'{ipaddress.IPv6Address(""2001:db8::1000""):s}'"
library/ipaddress,,::,">>> f'{ipaddress.IPv6Address(""2001:db8::1000""):s}'"
library/ipaddress,,::,IPv6Address('ff02::5678%1')
library/ipaddress,,::,fe80::1234
library/ipaddress,,:db8,">>> ipaddress.ip_address(""2001:db8::1"").reverse_pointer"
library/ipaddress,,::,">>> ipaddress.ip_address(""2001:db8::1"").reverse_pointer"
library/ipaddress,,::,"""::abc:7:def"""
library/ipaddress,,:def,"""::abc:7:def"""
library/ipaddress,,::,::FFFF/96
library/ipaddress,,::,2002::/16
library/ipaddress,,::,2001::/32
library/ipaddress,,::,>>> str(ipaddress.IPv6Address('::1'))
library/ipaddress,,::,'::1'
library/ipaddress,,:ff00,ffff:ff00::
library/ipaddress,,:db00,2001:db00::0/24
library/ipaddress,,::,2001:db00::0/24
library/ipaddress,,:db00,2001:db00::0/ffff:ff00::
library/ipaddress,,::,2001:db00::0/ffff:ff00::
library/itertools,,:step,elements from seq[start:stop:step]
library/itertools,,::,kernel = tuple(kernel)[::-1]
library/itertools,,:stop,elements from seq[start:stop:step]
library/logging.handlers,,:port,host:port
library/logging,,:root,WARNING:root:Watch out!
library/logging,,:Watch,WARNING:root:Watch out!
library/mmap,,:i2,obj[i1:i2]
library/multiprocessing,,`,# Add more tasks using `put()`
library/multiprocessing,,:queue,">>> QueueManager.register('get_queue', callable=lambda:queue)"
library/multiprocessing,,`,# register the Foo class; make `f()` and `g()` accessible via proxy
library/multiprocessing,,`,# register the Foo class; make `g()` and `_h()` accessible via proxy
library/multiprocessing,,`,# register the generator function baz; use `GeneratorProxy` to make proxies
library/nntplib,,:bytes,:bytes
library/nntplib,,:lines,:lines
library/optparse,,:len,"del parser.rargs[:len(value)]"
library/os.path,,:foo,c:foo
library/pathlib,,:bar,">>> PureWindowsPath('c:/Windows', 'd:bar')"
library/pathlib,,:bar,PureWindowsPath('d:bar')
library/pathlib,,:Program,>>> PureWindowsPath('c:Program Files/').root
library/pathlib,,:Program,>>> PureWindowsPath('c:Program Files/').anchor
library/pdb,,:lineno,filename:lineno
library/pickle,,:memory,"conn = sqlite3.connect("":memory:"")"
library/posix,,`,"CFLAGS=""`getconf LFS_CFLAGS`"" OPT=""-g -O2 $CFLAGS"""
library/pprint,,::,"'Programming Language :: Python :: 2.6',"
library/pprint,,::,"'Programming Language :: Python :: 2.7',"
library/pprint,,::,"'classifiers': ['Development Status :: 3 - Alpha',"
library/pprint,,::,"'Intended Audience :: Developers',"
library/pprint,,::,"'License :: OSI Approved :: MIT License',"
library/pprint,,::,"'Programming Language :: Python :: 2',"
library/pprint,,::,"'Programming Language :: Python :: 3',"
library/pprint,,::,"'Programming Language :: Python :: 3.2',"
library/pprint,,::,"'Programming Language :: Python :: 3.3',"
library/pprint,,::,"'Programming Language :: Python :: 3.4',"
library/pprint,,::,"'Topic :: Software Development :: Build Tools'],"
library/profile,,:lineno,filename:lineno(function)
library/pyexpat,,:elem1,<py:elem1 />
library/pyexpat,,:py,"xmlns:py = ""http://www.python.org/ns/"">"
library/random,,:len,new_diff = mean(combined[:len(drug)]) - mean(combined[len(drug):])
library/readline,,:bind,"python:bind -v"
library/readline,,:bind,"python:bind ^I rl_complete"
library/smtplib,,:port,method must support that as well as a regular host:port
library/socket,,::,'5aef:2b::8'
library/socket,,:can,"return (can_id, can_dlc, data[:can_dlc])"
library/socket,,:len,fds.frombytes(cmsg_data[:len(cmsg_data) - (len(cmsg_data) % fds.itemsize)])
library/sqlite3,,:year,"cur.execute(""select * from lang where first_appeared=:year"", {""year"": 1972})"
library/sqlite3,,:memory,
library/sqlite3,,:template,"con = sqlite3.connect(""file:template.db?mode=ro"", uri=True)"
library/sqlite3,,:nosuchdb,"con = sqlite3.connect(""file:nosuchdb.db?mode=rw"", uri=True)"
library/sqlite3,,:mem1,"con1 = sqlite3.connect(""file:mem1?mode=memory&cache=shared"", uri=True)"
library/sqlite3,,:mem1,"con2 = sqlite3.connect(""file:mem1?mode=memory&cache=shared"", uri=True)"
library/ssl,,:My,"Organizational Unit Name (eg, section) []:My Group"
library/ssl,,:My,"Organization Name (eg, company) [Internet Widgits Pty Ltd]:My Organization, Inc."
library/ssl,,:myserver,"Common Name (eg, YOUR name) []:myserver.mygroup.myorganization.com"
library/ssl,,:MyState,State or Province Name (full name) [Some-State]:MyState
library/ssl,,:ops,Email Address []:ops@myserver.mygroup.myorganization.com
library/ssl,,:Some,"Locality Name (eg, city) []:Some City"
library/ssl,,:US,Country Name (2 letter code) [AU]:US
library/stdtypes,,:end,s[start:end]
library/stdtypes,,::,>>> hash(v[::-2]) == hash(b'abcefg'[::-2])
library/stdtypes,,:len,s[len(s):len(s)]
library/stdtypes,,::,>>> y = m[::2]
library/stdtypes,,::,>>> z = y[::-2]
library/string,,`,"!""#$%&'()*+,-./:;<=>?@[\]^_`{|}~"
library/tarfile,,:bz2,
library/tarfile,,:compression,filemode[:compression]
library/tarfile,,:gz,
library/tarfile,,:xz,'a:xz'
library/tarfile,,:xz,'r:xz'
library/tarfile,,:xz,'w:xz'
library/time,,:mm,
library/time,,:ss,
library/tracemalloc,,:limit,"for index, stat in enumerate(top_stats[:limit], 1):"
library/turtle,,::,Example::
library/unittest,,:foo,"self.assertEqual(cm.output, ['INFO:foo:first message',"
library/unittest,,:first,"self.assertEqual(cm.output, ['INFO:foo:first message',"
library/unittest,,:foo,'ERROR:foo.bar:second message'])
library/unittest,,:second,'ERROR:foo.bar:second message'])
library/urllib.request,,:close,Connection:close
library/urllib.request,,:port,:port
library/urllib.request,,:lang,"xmlns=""http://www.w3.org/1999/xhtml"" xml:lang=""en"" lang=""en"">\n\n<head>\n"
library/urllib.request,,:password,"""joe:password@python.org"""
library/urllib.parse,,:scheme,<URL:scheme://host/path>
library/urllib.parse,,:scheme,URL:scheme://host/path
library/uuid,,:uuid,urn:uuid:12345678-1234-5678-1234-567812345678
library/venv,,:param,":param nodist: If true, setuptools and pip are not installed into the"
library/venv,,:param,":param progress: If setuptools or pip are installed, the progress of the"
library/venv,,:param,":param nopip: If true, pip is not installed into the created"
library/venv,,:param,:param context: The information for the virtual environment
library/xmlrpc.client,,:nil,ex:nil
library/xmlrpc.client,,:pass,http://user:pass@host:port/path
library/xmlrpc.client,,:pass,user:pass
library/xmlrpc.client,,:port,http://user:pass@host:port/path
license,,`,"``Software''), to deal in the Software without restriction, including"
license,,`,"THE SOFTWARE IS PROVIDED ``AS IS'', WITHOUT WARRANTY OF ANY KIND,"
license,,`,* THIS SOFTWARE IS PROVIDED BY ERIC YOUNG ``AS IS'' AND
license,,`,THIS SOFTWARE IS PROVIDED BY THE AUTHOR AND CONTRIBUTORS ``AS IS'' AND
license,,`,* THIS SOFTWARE IS PROVIDED BY THE OpenSSL PROJECT ``AS IS'' AND ANY
license,,`,THIS SOFTWARE IS PROVIDED BY THE PROJECT AND CONTRIBUTORS ``AS IS'' AND
license,,:zooko,mailto:zooko@zooko.com
reference/expressions,,:index,x[index:index]
reference/lexical_analysis,,`,$       ?       `
reference/lexical_analysis,,:fileencoding,# vim:fileencoding=<encoding-name>
tutorial/datastructures,,:value,It is also possible to delete a key:value
tutorial/datastructures,,:value,key:value pairs within the braces adds initial key:value pairs
tutorial/stdlib2,,:config,"logging.warning('Warning:config file %s not found', 'server.conf')"
tutorial/stdlib2,,:config,WARNING:root:Warning:config file server.conf not found
tutorial/stdlib2,,:Critical,CRITICAL:root:Critical error -- shutting down
tutorial/stdlib2,,:Error,ERROR:root:Error occurred
tutorial/stdlib2,,:root,CRITICAL:root:Critical error -- shutting down
tutorial/stdlib2,,:root,ERROR:root:Error occurred
tutorial/stdlib2,,:root,WARNING:root:Warning:config file server.conf not found
tutorial/stdlib2,,:start,extra = data[start:start+extra_size]
tutorial/stdlib2,,:start,"fields = struct.unpack('<IIIHH', data[start:start+16])"
tutorial/stdlib2,,:start,filename = data[start:start+filenamesize]
tutorial/stdlib2,,:Warning,WARNING:root:Warning:config file server.conf not found
using/cmdline,,:errorhandler,:errorhandler
using/cmdline,,:message,action:message:category:module:lineno
using/cmdline,,:category,action:message:category:module:lineno
using/cmdline,,:module,action:message:category:module:lineno
using/cmdline,,:lineno,action:message:category:module:lineno
using/cmdline,,::,-W ignore::DeprecationWarning
using/unix,,:Packaging,https://en.opensuse.org/Portal:Packaging
whatsnew/2.0,,:len,
whatsnew/2.3,,::,
whatsnew/2.3,,:config,
whatsnew/2.3,,:Critical,
whatsnew/2.3,,:Error,
whatsnew/2.3,,:Problem,
whatsnew/2.3,,:root,
whatsnew/2.3,,:Warning,
whatsnew/2.4,,::,
whatsnew/2.4,,:System,
whatsnew/2.5,,:memory,:memory:
whatsnew/2.5,,:step,[start:stop:step]
whatsnew/2.5,,:stop,[start:stop:step]
whatsnew/2.7,,::,"ParseResult(scheme='http', netloc='[1080::8:800:200C:417A]',"
whatsnew/2.7,,::,>>> urlparse.urlparse('http://[1080::8:800:200C:417A]/foo')
whatsnew/2.7,,:Sunday,'2009:4:Sunday'
whatsnew/2.7,,:Cookie,"export PYTHONWARNINGS=all,error:::Cookie:0"
whatsnew/2.7,,::,"export PYTHONWARNINGS=all,error:::Cookie:0"
whatsnew/3.2,,:affe,"netloc='[dead:beef:cafe:5417:affe:8FA3:deaf:feed]',"
whatsnew/3.2,,:affe,>>> urllib.parse.urlparse('http://[dead:beef:cafe:5417:affe:8FA3:deaf:feed]/foo/')
whatsnew/3.2,,:beef,"netloc='[dead:beef:cafe:5417:affe:8FA3:deaf:feed]',"
whatsnew/3.2,,:beef,>>> urllib.parse.urlparse('http://[dead:beef:cafe:5417:affe:8FA3:deaf:feed]/foo/')
whatsnew/3.2,,:cafe,"netloc='[dead:beef:cafe:5417:affe:8FA3:deaf:feed]',"
whatsnew/3.2,,:cafe,>>> urllib.parse.urlparse('http://[dead:beef:cafe:5417:affe:8FA3:deaf:feed]/foo/')
whatsnew/3.2,,:deaf,"netloc='[dead:beef:cafe:5417:affe:8FA3:deaf:feed]',"
whatsnew/3.2,,:deaf,>>> urllib.parse.urlparse('http://[dead:beef:cafe:5417:affe:8FA3:deaf:feed]/foo/')
whatsnew/3.2,,:directory,${buildout:directory}/downloads/dist
whatsnew/3.2,,::,"$ export PYTHONWARNINGS='ignore::RuntimeWarning::,once::UnicodeWarning::'"
whatsnew/3.2,,:feed,"netloc='[dead:beef:cafe:5417:affe:8FA3:deaf:feed]',"
whatsnew/3.2,,:feed,>>> urllib.parse.urlparse('http://[dead:beef:cafe:5417:affe:8FA3:deaf:feed]/foo/')
whatsnew/3.2,,:gz,">>> with tarfile.open(name='myarchive.tar.gz', mode='w:gz') as tf:"
whatsnew/3.2,,:location,zope9-location = ${zope9:location}
whatsnew/3.2,,:prefix,zope-conf = ${custom:prefix}/etc/zope.conf
library/re,,`,!#$%&'*+-.^_`|~:
library/re,,`,!\#\$%\&'\*\+\-\.\^_`\|\~:
library/tarfile,,:xz,'x:xz'
library/warnings,,:message,action:message:category:module:line
library/warnings,,:category,action:message:category:module:line
library/warnings,,:module,action:message:category:module:line
library/warnings,,:line,action:message:category:module:line
library/warnings,,::,error::ResourceWarning
library/warnings,,::,default::DeprecationWarning
library/warnings,,::,default:::mymodule
library/warnings,,:mymodule,default:::mymodule
library/warnings,,::,error:::mymodule
library/warnings,,:mymodule,error:::mymodule
library/warnings,,::,ignore::DeprecationWarning
library/warnings,,::,ignore::PendingDeprecationWarning
library/warnings,,::,ignore::ImportWarning
library/warnings,,::,ignore::ResourceWarning
library/xml.etree.elementtree,,:sometag,prefix:sometag
library/xml.etree.elementtree,,:fictional,"<actors xmlns:fictional=""http://characters.example.com"""
library/xml.etree.elementtree,,:character,<fictional:character>Lancelot</fictional:character>
library/xml.etree.elementtree,,:character,<fictional:character>Archie Leach</fictional:character>
library/xml.etree.elementtree,,:character,<fictional:character>Sir Robin</fictional:character>
library/xml.etree.elementtree,,:character,<fictional:character>Gunther</fictional:character>
library/xml.etree.elementtree,,:character,<fictional:character>Commander Clement</fictional:character>
library/xml.etree.elementtree,,:actor,"for actor in root.findall('real_person:actor', ns):"
library/xml.etree.elementtree,,:name,"name = actor.find('real_person:name', ns)"
library/xml.etree.elementtree,,:character,"for char in actor.findall('role:character', ns):"
library/xml.etree.elementtree,,:xi,<document xmlns:xi="http://www.w3.org/2001/XInclude">
library/xml.etree.elementtree,,:include,  <xi:include href="source.xml" parse="xml" />
library/xml.etree.elementtree,,:include,  Copyright (c) <xi:include href="year.txt" parse="text" />.
library/zipapp,,:main,"$ python -m zipapp myapp -m ""myapp:main"""
library/zipapp,,:fn,"pkg.mod:fn"
library/zipapp,,:callable,"pkg.module:callable"
library/stdtypes,,::,>>> m[::2].tolist()
whatsnew/3.5,,:root,'WARNING:root:warning\n'
whatsnew/3.5,,:warning,'WARNING:root:warning\n'
whatsnew/3.5,,::,>>> addr6 = ipaddress.IPv6Address('::1')
whatsnew/3.5,,:root,ERROR:root:exception
whatsnew/3.5,,:exception,ERROR:root:exception
whatsnew/changelog,,`,'`'
whatsnew/changelog,,:end,str[start:end]
library/binascii,,`,'`'
library/uu,,`,'`'
whatsnew/3.7,,`,'`'
whatsnew/3.7,,::,error::BytesWarning
whatsnew/changelog,,::,error::BytesWarning
whatsnew/changelog,,::,default::BytesWarning
whatsnew/changelog,,::,default::DeprecationWarning
library/importlib.metadata,,:main,"EntryPoint(name='wheel', value='wheel.cli:main', group='console_scripts')"
library/importlib.metadata,,`,loading the metadata for packages for the indicated ``context``.
library/re,,`,"`"
library/typing,,`,# Type of ``val`` is narrowed to ``str``
library/typing,,`,"# Else, type of ``val`` is narrowed to ``float``."
library/typing,,`,# Type of ``val`` is narrowed to ``list[str]``.
library/typing,,`,# Type of ``val`` remains as ``list[object]``.
library/tkinter,,::,ttk::frame .frm -padding 10
library/tkinter,,::,"grid [ttk::label .frm.lbl -text ""Hello World!""] -column 0 -row 0"
library/tkinter,,::,"grid [ttk::button .frm.btn -text ""Quit"" -command ""destroy .""] -column 1 -row 0"
library/tkinter,,::,ttk::frame
library/tkinter,,::,ttk::button
library/tkinter,,::,ttk::widget
reference/compound_stmts,,:exc,subclass of :exc:`BaseExceptionGroup`. It is not possible to mix except
reference/compound_stmts,,`,subclass of :exc:`BaseExceptionGroup`. It is not possible to mix except
reference/compound_stmts,,:keyword,"and except* in the same :keyword:`try`. :keyword:`break`,"
reference/compound_stmts,,`,"and except* in the same :keyword:`try`. :keyword:`break`,"
reference/compound_stmts,,:keyword,:keyword:`continue` and :keyword:`return` cannot appear in an except*
reference/compound_stmts,,`,:keyword:`continue` and :keyword:`return` cannot appear in an except*
whatsnew/changelog,,:CON,": os.path.abspath(“C:CON”) is now fixed to return “\.CON”, not"
whatsnew/changelog,,::,Lib/email/mime/nonmultipart.py::MIMENonMultipart
library/typing,,`,"assert_type(name, str)  # OK, inferred type of `name` is `str`"
library/typing,,`,# after which we hope the inferred type will be `int`
whatsnew/changelog,,:company,-V:company/tag
library/typing,,`,# are located in the `typing_extensions` backports package.
